matrix,path,N,K,T,median_us,min_us,p95_us,eff_gbs,tflops,toks,activations,warmup,repeat,flush_bytes
down,Q5-prod,4096,12288,1,107.584,106.816,109.632,307.32,0.936,9295.1,SYNTHETIC-RAMP,5,20,268435456
down,Q5-prod,4096,12288,2,113.696,111.360,115.776,291.09,1.771,17590.8,SYNTHETIC-RAMP,5,20,268435456
down,Q5-prod,4096,12288,4,121.888,119.232,121.984,272.06,3.303,32817.0,SYNTHETIC-RAMP,5,20,268435456
down,Q5-prod,4096,12288,8,271.424,270.336,273.440,122.66,2.967,29474.2,SYNTHETIC-RAMP,5,20,268435456
down,Q5-prod,4096,12288,16,502.816,500.576,511.072,66.73,3.203,31820.8,SYNTHETIC-RAMP,5,20,268435456
down,Q5-prod,4096,12288,32,339.104,334.912,345.184,100.50,9.499,94366.3,SYNTHETIC-RAMP,5,20,268435456
down,Q5-prod,4096,12288,64,343.136,339.008,349.312,102.37,18.775,186515.0,SYNTHETIC-RAMP,5,20,268435456
down,Q5-prod,4096,12288,128,339.072,332.832,343.168,109.78,38.000,377501.0,SYNTHETIC-RAMP,5,20,268435456
down,Q5-prod,4096,12288,256,629.856,623.616,645.856,65.76,40.914,406442.1,SYNTHETIC-RAMP,5,20,268435456
down,Q5-prod,4096,12288,512,1217.600,1207.360,1414.240,40.91,42.329,420499.3,SYNTHETIC-RAMP,5,20,268435456
down,NVFP4-W4A16,4096,12288,1,70.784,68.512,74.880,400.43,1.422,14127.5,SYNTHETIC-RAMP,5,20,268435456
down,NVFP4-W4A16,4096,12288,2,80.896,78.848,83.072,350.78,2.489,24723.1,SYNTHETIC-RAMP,5,20,268435456
down,NVFP4-W4A16,4096,12288,4,87.136,85.024,89.216,326.42,4.621,45905.3,SYNTHETIC-RAMP,5,20,268435456
down,NVFP4-W4A16,4096,12288,8,136.288,134.240,139.264,209.66,5.909,58699.2,SYNTHETIC-RAMP,5,20,268435456
down,NVFP4-W4A16,4096,12288,16,216.096,211.968,412.736,133.44,7.453,74041.2,SYNTHETIC-RAMP,5,20,268435456
down,NVFP4-W4A16,4096,12288,32,410.560,404.256,416.256,71.51,7.846,77942.3,SYNTHETIC-RAMP,5,20,268435456
down,NVFP4-W4A16,4096,12288,64,797.568,789.408,1008.544,38.13,8.078,80243.9,SYNTHETIC-RAMP,5,20,268435456
down,NVFP4-W4A16,4096,12288,128,1559.936,1539.424,2034.016,20.84,8.260,82054.6,SYNTHETIC-RAMP,5,20,268435456
down,NVFP4-W4A16,4096,12288,256,3087.456,3075.168,3463.328,11.89,8.347,82916.2,SYNTHETIC-RAMP,5,20,268435456
down,NVFP4-W4A16,4096,12288,512,6218.688,6192.288,6876.160,7.25,8.288,82332.5,SYNTHETIC-RAMP,5,20,268435456
